id,name,amount,timestamp
1,Name679,352.07,2024-12-23T17:54:45
2,Name722,554.14,2024-12-23T17:54:45
3,Name602,351.06,2024-12-23T17:54:45
4,Name945,673.88,2024-12-23T17:54:45
5,Name531,635.1,2024-12-23T17:54:45
6,Name579,993.06,2024-12-23T17:54:45
7,Name224,143.2,2024-12-23T17:54:45
8,Name40,774.23,2024-12-23T17:54:45
9,Name747,412.68,2024-12-23T17:54:45
10,Name820,863.84,2024-12-23T17:54:45
11,Name856,689.76,2024-12-23T17:54:45
12,Name878,321.95,2024-12-23T17:54:45
13,Name973,900.27,2024-12-23T17:54:45
14,Name580,198.58,2024-12-23T17:54:45
15,Name251,661.59,2024-12-23T17:54:45
16,Name551,773.9,2024-12-23T17:54:45
17,Name212,740.84,2024-12-23T17:54:45
18,Name65,101.83,2024-12-23T17:54:45
19,Name312,258.21,2024-12-23T17:54:45
20,Name351,980.56,2024-12-23T17:54:45
21,Name848,297.73,2024-12-23T17:54:46
22,Name943,822.75,2024-12-23T17:54:46
23,Name282,943.77,2024-12-23T17:54:46
24,Name870,517.82,2024-12-23T17:54:46
25,Name978,335.67,2024-12-23T17:54:46
26,Name743,708.38,2024-12-23T17:54:46
27,Name311,429.2,2024-12-23T17:54:46
28,Name211,770.35,2024-12-23T17:54:46
29,Name215,764.91,2024-12-23T17:54:46
30,Name177,591.12,2024-12-23T17:54:46
31,Name422,338.12,2024-12-23T17:54:46
32,Name422,95.15,2024-12-23T17:54:46
33,Name208,755.75,2024-12-23T17:54:46
34,Name152,493.88,2024-12-23T17:54:46
35,Name11,573.06,2024-12-23T17:54:46
36,Name830,434.18,2024-12-23T17:54:46
37,Name677,82.96,2024-12-23T17:54:46
38,Name381,659.56,2024-12-23T17:54:46
39,Name151,776.07,2024-12-23T17:54:46
40,Name425,800.21,2024-12-23T17:54:46
41,Name722,210.38,2024-12-23T17:54:46
42,Name883,786.37,2024-12-23T17:54:46
43,Name279,38.66,2024-12-23T17:54:46
44,Name353,648.09,2024-12-23T17:54:46
45,Name180,956.87,2024-12-23T17:54:46
46,Name242,338.74,2024-12-23T17:54:46
47,Name966,815.12,2024-12-23T17:54:46
48,Name175,429.6,2024-12-23T17:54:46
49,Name621,817.34,2024-12-23T17:54:46
50,Name221,654.12,2024-12-23T17:54:46
51,Name605,63.27,2024-12-23T17:54:46
52,Name499,305.94,2024-12-23T17:54:46
53,Name30,234.42,2024-12-23T17:54:46
54,Name79,691.56,2024-12-23T17:54:46
55,Name219,20.87,2024-12-23T17:54:46
56,Name445,163.51,2024-12-23T17:54:46
57,Name480,909.88,2024-12-23T17:54:46
58,Name107,807.15,2024-12-23T17:54:46
59,Name712,138.0,2024-12-23T17:54:46
60,Name552,348.53,2024-12-23T17:54:46
61,Name83,371.14,2024-12-23T17:54:46
62,Name604,905.82,2024-12-23T17:54:46
63,Name715,861.27,2024-12-23T17:54:46
64,Name157,202.82,2024-12-23T17:54:46
65,Name540,93.16,2024-12-23T17:54:46
66,Name843,935.7,2024-12-23T17:54:46
67,Name147,930.83,2024-12-23T17:54:46
68,Name209,255.51,2024-12-23T17:54:46
69,Name647,468.16,2024-12-23T17:54:46
70,Name398,586.53,2024-12-23T17:54:46
71,Name736,921.66,2024-12-23T17:54:46
72,Name397,223.74,2024-12-23T17:54:46
73,Name923,947.04,2024-12-23T17:54:46
74,Name962,971.12,2024-12-23T17:54:46
75,Name966,918.91,2024-12-23T17:54:46
76,Name693,710.31,2024-12-23T17:54:46
77,Name469,216.68,2024-12-23T17:54:46
78,Name673,715.11,2024-12-23T17:54:46
79,Name554,627.94,2024-12-23T17:54:46
80,Name474,485.87,2024-12-23T17:54:46
81,Name5,571.09,2024-12-23T17:54:47
82,Name836,468.85,2024-12-23T17:54:47
83,Name833,759.44,2024-12-23T17:54:47
84,Name296,200.75,2024-12-23T17:54:47
85,Name114,970.19,2024-12-23T17:54:47
86,Name505,617.98,2024-12-23T17:54:47
87,Name571,1000.83,2024-12-23T17:54:47
88,Name289,445.02,2024-12-23T17:54:47
89,Name354,438.81,2024-12-23T17:54:47
90,Name128,323.31,2024-12-23T17:54:47
91,Name231,184.6,2024-12-23T17:54:47
92,Name228,588.59,2024-12-23T17:54:47
93,Name255,512.9,2024-12-23T17:54:47
94,Name795,438.67,2024-12-23T17:54:47
95,Name805,709.69,2024-12-23T17:54:47
96,Name131,527.06,2024-12-23T17:54:47
97,Name240,617.92,2024-12-23T17:54:47
98,Name368,987.95,2024-12-23T17:54:47
99,Name833,200.82,2024-12-23T17:54:47
100,Name503,914.98,2024-12-23T17:54:47
101,Transaction1,100.5,2024-12-23T10:00:00
102,Transaction2,200.75,2024-12-23T11:00:00
103,Transaction3,150.3,2024-12-23T12:00:00
104,Transaction4,300.9,2024-12-23T13:00:00
105,Transaction5,450.1,2024-12-23T14:00:00
106,Transaction6,100.5,2024-12-23T18:09:42
107,Transaction7,200.75,2024-12-23T18:09:42
108,Transaction8,150.3,2024-12-23T18:09:42
109,Transaction9,300.9,2024-12-23T18:09:42
110,Transaction10,450.1,2024-12-23T18:09:42
